{"stats":{"minecraft:used":{"minecraft:oak_log":6,"minecraft:wooden_axe":7,"minecraft:crafting_table":1,"minecraft:oak_planks":15,"minecraft:egg":1},"minecraft:custom":{"minecraft:time_since_rest":445,"minecraft:play_one_minute":5111,"minecraft:crouch_one_cm":398,"minecraft:deaths":2,"minecraft:sprint_one_cm":25754,"minecraft:damage_taken":430,"minecraft:walk_one_cm":7496,"minecraft:sneak_time":101,"minecraft:walk_under_water_one_cm":274,"minecraft:jump":191,"minecraft:damage_dealt":115,"minecraft:leave_game":1,"minecraft:time_since_death":418,"minecraft:walk_on_water_one_cm":239,"minecraft:swim_one_cm":1984,"minecraft:interact_with_crafting_table":1,"minecraft:fall_one_cm":8088,"minecraft:fly_one_cm":51773},"minecraft:killed_by":{"farlanders:ender_golem":1,"minecraft:piglin_brute":1},"minecraft:picked_up":{"minecraft:oak_log":13,"minecraft:egg":1},"minecraft:crafted":{"minecraft:oak_planks":32,"minecraft:crafting_table":1,"minecraft:stick":8,"minecraft:wooden_axe":1},"minecraft:mined":{"minecraft:grass":1,"minecraft:oak_log":9}},"DataVersion":2586}