{"stats":{"minecraft:used":{"minecraft:iron_ore":1,"minecraft:stone_pickaxe":565,"minecraft:wooden_pickaxe":55,"minecraft:cooked_salmon":1,"minecraft:torch":41,"minecraft:dirt":3,"minecraft:mutton":2,"minecraft:crafting_table":4,"minecraft:red_bed":2,"minecraft:cod":1,"minecraft:granite":1,"minecraft:obsidian":1,"minecraft:wooden_axe":30,"minecraft:bread":2,"minecraft:iron_pickaxe":51,"minecraft:stone_axe":1,"minecraft:cobblestone":34,"minecraft:furnace":1,"minecraft:andesite":4,"minecraft:gray_wool":1},"minecraft:killed":{"minecraft:sheep":11,"minecraft:zombie":1},"minecraft:custom":{"minecraft:interact_with_furnace":4,"minecraft:mob_kills":11,"minecraft:interact_with_crafting_table":14,"minecraft:open_barrel":3,"minecraft:play_one_minute":65482,"minecraft:bell_ring":1,"minecraft:leave_game":1,"minecraft:time_since_death":37285,"minecraft:sleep_in_bed":2,"minecraft:time_since_rest":15306,"minecraft:sprint_one_cm":228761,"minecraft:damage_taken":1967,"minecraft:walk_one_cm":54278,"minecraft:damage_dealt":1039,"minecraft:talked_to_villager":6,"minecraft:swim_one_cm":1667,"minecraft:fly_one_cm":157704,"minecraft:open_chest":7,"minecraft:crouch_one_cm":1085,"minecraft:deaths":9,"minecraft:sneak_time":502,"minecraft:walk_under_water_one_cm":242,"minecraft:jump":932,"minecraft:walk_on_water_one_cm":4411,"minecraft:fall_one_cm":18869},"minecraft:killed_by":{"minecraft:ghast":4,"minecraft:player":3,"minecraft:skeleton":1,"farlanders:fanmade_enderman":1},"minecraft:broken":{"minecraft:stone_pickaxe":4},"minecraft:picked_up":{"minecraft:birch_log":5,"minecraft:crafting_table":2,"minecraft:wheat":65,"minecraft:andesite":8,"minecraft:oak_log":7,"minecraft:red_bed":1,"minecraft:dirt":12,"minecraft:soul_soil":2,"minecraft:iron_leggings":1,"minecraft:wheat_seeds":4,"minecraft:iron_ore":16,"minecraft:rose_bush":1,"minecraft:oak_planks":2,"minecraft:soul_sand":27,"minecraft:torch":5,"minecraft:stripped_spruce_log":1,"minecraft:diorite":16,"minecraft:gold_ore":8,"minecraft:rotten_flesh":1,"minecraft:hay_block":15,"minecraft:granite":9,"minecraft:gray_wool":1,"minecraft:mutton":18,"minecraft:black_wool":1,"minecraft:obsidian":1,"minecraft:coal":30,"minecraft:white_wool":9,"minecraft:cobblestone":475},"minecraft:crafted":{"minecraft:red_dye":4,"minecraft:oak_planks":28,"minecraft:crafting_table":2,"minecraft:spruce_planks":4,"minecraft:wooden_pickaxe":1,"minecraft:red_bed":1,"minecraft:furnace":1,"minecraft:cooked_salmon":19,"minecraft:birch_planks":20,"minecraft:stone_axe":1,"minecraft:bread":45,"minecraft:air":0,"minecraft:stick":40,"minecraft:iron_ingot":6,"minecraft:iron_pickaxe":1,"minecraft:stone_pickaxe":5,"minecraft:wooden_axe":1,"minecraft:stone_sword":2,"minecraft:white_bed":1,"minecraft:torch":48,"minecraft:wheat":135},"minecraft:mined":{"minecraft:red_bed":1,"minecraft:soul_sand":4,"minecraft:soul_fire":2,"minecraft:crafting_table":2,"minecraft:torch":1,"minecraft:granite":9,"minecraft:grass_block":5,"minecraft:rose_bush":1,"minecraft:soul_soil":2,"minecraft:tall_grass":1,"minecraft:cobblestone":34,"minecraft:oak_planks":2,"minecraft:diorite":16,"minecraft:wall_torch":4,"minecraft:hay_block":15,"minecraft:birch_log":5,"minecraft:iron_ore":16,"minecraft:birch_leaves":1,"minecraft:andesite":8,"minecraft:stripped_spruce_log":1,"minecraft:grass":5,"minecraft:oak_log":7,"minecraft:coal_ore":30,"minecraft:dirt":11,"minecraft:stone":538,"minecraft:gold_ore":8,"minecraft:oak_leaves":1}},"DataVersion":2586}