{"stats":{"minecraft:used":{"minecraft:water_bucket":8,"minecraft:enchanting_table":1,"minecraft:oak_planks":263,"minecraft:ladder":1,"minecraft:chest":1,"minecraft:wooden_pickaxe":8,"minecraft:shield":31,"minecraft:iron_sword":139,"minecraft:golden_apple":1,"minecraft:oak_slab":3,"minecraft:crafting_table":11,"minecraft:white_bed":2,"minecraft:obsidian":6,"minecraft:oak_log":76,"minecraft:wooden_axe":36,"minecraft:lava_bucket":13,"minecraft:diamond_pickaxe":31,"minecraft:apple":4,"minecraft:iron_axe":9,"minecraft:bread":4,"carryon:entity_item":3,"exoticbirds:oak_birdcage":2,"minecraft:golden_carrot":4,"minecraft:hay_block":4,"minecraft:bucket":22,"minecraft:egg":1,"minecraft:purple_carpet":1},"minecraft:killed":{"minecraft:piglin":4,"farlanders:looter":1,"farlanders:fanmade_enderman":1,"minecraft:sheep":1,"minecraft:zombie":3,"evolved_rpg:scorpion":1,"minecraft:piglin_brute":3,"minecraft:cow":11,"farlanders:farlander":1},"minecraft:custom":{"minecraft:interact_with_furnace":2,"minecraft:mob_kills":27,"minecraft:interact_with_crafting_table":16,"minecraft:open_barrel":22,"minecraft:play_one_minute":98548,"minecraft:leave_game":1,"minecraft:time_since_death":43860,"minecraft:sleep_in_bed":6,"minecraft:climb_one_cm":5455,"minecraft:damage_absorbed":39,"minecraft:time_since_rest":5006,"minecraft:sprint_one_cm":307273,"minecraft:damage_taken":2481,"minecraft:walk_one_cm":112896,"minecraft:damage_blocked_by_shield":1395,"minecraft:drop":29,"minecraft:damage_dealt":4670,"minecraft:talked_to_villager":2,"minecraft:swim_one_cm":13437,"minecraft:fly_one_cm":517719,"minecraft:player_kills":3,"minecraft:open_chest":20,"minecraft:crouch_one_cm":3782,"minecraft:deaths":10,"minecraft:sneak_time":2331,"minecraft:walk_under_water_one_cm":4343,"minecraft:jump":2289,"minecraft:walk_on_water_one_cm":9047,"minecraft:enchant_item":5,"minecraft:fall_one_cm":63759},"minecraft:killed_by":{"minecraft:ghast":2,"farlanders:ender_golem":1,"minecraft:piglin_brute":4,"minecraft:skeleton":1},"minecraft:picked_up":{"minecraft:stripped_oak_log":3,"minecraft:enchanting_table":1,"minecraft:iron_chestplate":1,"minecraft:ladder":3,"minecraft:leather":14,"minecraft:wooden_pickaxe":1,"paraglider:spirit_orb":10,"minecraft:oak_log":83,"tombstone:grave_key":1,"minecraft:shield":1,"minecraft:string":13,"minecraft:soul_soil":8,"minecraft:dirt":8,"minecraft:iron_leggings":1,"minecraft:purple_carpet":1,"minecraft:apple":2,"minecraft:wheat_seeds":4,"minecraft:beef":21,"minecraft:cyan_wool":2,"minecraft:sugar_cane":3,"minecraft:iron_sword":1,"minecraft:oak_planks":10,"minecraft:soul_sand":12,"minecraft:iron_boots":1,"minecraft:egg":3,"minecraft:stick":17,"minecraft:stripped_crimson_hyphae":2,"minecraft:ink_sac":1,"minecraft:white_bed":3,"minecraft:grass_block":1,"minecraft:rotten_flesh":2,"minecraft:iron_helmet":1,"minecraft:hay_block":27,"exoticbirds:oak_birdcage":2,"minecraft:oak_sapling":22,"minecraft:netherrack":4,"minecraft:obsidian":6,"minecraft:mutton":2,"minecraft:cobblestone":2,"minecraft:diamond_pickaxe":1,"minecraft:white_wool":1},"minecraft:crafted":{"paraglider:paraglider":1,"minecraft:oak_slab":6,"minecraft:oak_planks":344,"minecraft:crafting_table":11,"minecraft:enchanting_table":1,"minecraft:wooden_pickaxe":1,"exoticbirds:oak_birdcage":1,"minecraft:iron_boots":1,"minecraft:diamond_pickaxe":1,"minecraft:golden_apple":1,"minecraft:shield":1,"minecraft:iron_axe":1,"minecraft:stick":20,"minecraft:wooden_axe":4,"minecraft:chest":1},"minecraft:dropped":{"minecraft:crimson_fungus":1,"minecraft:wheat_seeds":3,"minecraft:crossbow":1,"minecraft:iron_helmet":1,"minecraft:cobblestone":2,"minecraft:iron_boots":1,"minecraft:grass_block":1,"minecraft:dirt":8,"minecraft:cyan_wool":2,"minecraft:shield":1,"minecraft:ink_sac":1,"minecraft:diamond_pickaxe":1,"tombstone:grave_key":2,"minecraft:iron_chestplate":1,"minecraft:oak_sapling":22,"tombstone:grave_dust":1,"minecraft:iron_leggings":2,"minecraft:wither_rose":1,"minecraft:stripped_crimson_hyphae":2,"minecraft:iron_bars":6,"minecraft:bow":1,"minecraft:wooden_pickaxe":1,"minecraft:netherrack":4,"minecraft:egg":1},"minecraft:mined":{"minecraft:white_bed":3,"minecraft:soul_fire":25,"minecraft:obsidian":7,"minecraft:ladder":3,"minecraft:stripped_crimson_hyphae":2,"minecraft:grass_block":9,"minecraft:mushroom_stem":19,"minecraft:tall_grass":2,"minecraft:cobblestone":2,"minecraft:sugar_cane":2,"minecraft:oak_planks":6,"minecraft:spawner":5,"minecraft:hay_block":28,"minecraft:cyan_wool":2,"exoticbirds:oak_birdcage":2,"minecraft:fire":2,"minecraft:birch_leaves":1,"minecraft:enchanting_table":1,"minecraft:grass":15,"minecraft:oak_log":85,"minecraft:purple_carpet":2,"minecraft:sand":1,"minecraft:dirt":5,"minecraft:stripped_oak_log":3,"minecraft:cobweb":13,"minecraft:netherrack":6,"minecraft:oak_leaves":15}},"DataVersion":2586}