{
  "securitycraft:recipes/securitycraft/reinforced_crimson_fence": {
    "criteria": {
      "has_stick": "2024-06-05 23:23:24 +0000"
    },
    "done": true
  },
  "minecraft:recipes/tools/wooden_axe": {
    "criteria": {
      "has_the_recipe": "2024-06-05 23:23:23 +0000"
    },
    "done": true
  },
  "mcwdoors:recipes/oak/oak_four_panel_door": {
    "criteria": {
      "has_planks": "2024-06-05 23:23:09 +0000"
    },
    "done": true
  },
  "securitycraft:recipes/securitycraft/reinforced_spruce_fence": {
    "criteria": {
      "has_stick": "2024-06-05 23:23:24 +0000"
    },
    "done": true
  },
  "mcwfurnitures:recipes/oak/oak_covered_desk_right": {
    "criteria": {
      "has_planks": "2024-06-05 23:23:00 +0000"
    },
    "done": true
  },
  "mcwbridges:recipes/oak_log_bridge_middle": {
    "criteria": {
      "has_planks": "2024-06-05 23:23:09 +0000"
    },
    "done": true
  },
  "mcwfurnitures:recipes/oak/oak_dresser": {
    "criteria": {
      "has_planks": "2024-06-05 23:23:00 +0000"
    },
    "done": true
  },
  "minecraft:recipes/decorations/crafting_table": {
    "criteria": {
      "has_planks": "2024-06-05 23:23:09 +0000"
    },
    "done": true
  },
  "minecraft:recipes/decorations/campfire": {
    "criteria": {
      "has_stick": "2024-06-05 23:23:24 +0000"
    },
    "done": true
  },
  "mcwfurnitures:recipes/oak/oak_furniture_7": {
    "criteria": {
      "has_planks": "2024-06-05 23:23:00 +0000"
    },
    "done": true
  },
  "minecraft:recipes/decorations/ladder": {
    "criteria": {
      "has_stick": "2024-06-05 23:23:24 +0000"
    },
    "done": true
  },
  "mcwfurnitures:recipes/oak/oak_furniture_6": {
    "criteria": {
      "has_planks": "2024-06-05 23:23:00 +0000"
    },
    "done": true
  },
  "mcwbridges:recipes/oak_rail_bridge_powered": {
    "criteria": {
      "has_planks": "2024-06-05 23:23:09 +0000"
    },
    "done": true
  },
  "mcwtrpdoors:recipes/oak/oak_cottage_trapdoor": {
    "criteria": {
      "has_planks": "2024-06-05 23:23:00 +0000"
    },
    "done": true
  },
  "minecraft:recipes/tools/wooden_shovel": {
    "criteria": {
      "has_stick": "2024-06-05 23:23:24 +0000"
    },
    "done": true
  },
  "mcwdoors:recipes/oak/oak_japanese_door": {
    "criteria": {
      "has_planks": "2024-06-05 23:23:09 +0000"
    },
    "done": true
  },
  "mcwtrpdoors:recipes/oak/oak_four_panel_trapdoor": {
    "criteria": {
      "has_planks": "2024-06-05 23:23:00 +0000"
    },
    "done": true
  },
  "securitycraft:recipes/securitycraft/sc_manual": {
    "criteria": {
      "has_wood": "2024-06-05 23:23:00 +0000"
    },
    "done": true
  },
  "mcwtrpdoors:recipes/oak/oak_barn_trapdoor": {
    "criteria": {
      "has_planks": "2024-06-05 23:23:00 +0000"
    },
    "done": true
  },
  "minecraft:recipes/misc/stick": {
    "criteria": {
      "has_planks": "2024-06-05 23:23:09 +0000"
    },
    "done": true
  },
  "mcwdoors:recipes/oak/oak_stable_door": {
    "criteria": {
      "has_planks": "2024-06-05 23:23:09 +0000"
    },
    "done": true
  },
  "mcwdoors:recipes/oak/oak_beach_door": {
    "criteria": {
      "has_planks": "2024-06-05 23:23:09 +0000"
    },
    "done": true
  },
  "securitycraft:recipes/securitycraft/reinforced_birch_fence": {
    "criteria": {
      "has_stick": "2024-06-05 23:23:24 +0000"
    },
    "done": true
  },
  "minecraft:recipes/transportation/spruce_boat": {
    "criteria": {
      "in_water": "2024-06-05 23:22:08 +0000"
    },
    "done": true
  },
  "securitycraft:recipes/securitycraft/reinforced_oak_fence": {
    "criteria": {
      "has_stick": "2024-06-05 23:23:24 +0000"
    },
    "done": true
  },
  "mcwdoors:recipes/oak/oak_glass_door": {
    "criteria": {
      "has_planks": "2024-06-05 23:23:09 +0000"
    },
    "done": true
  },
  "mcwbridges:recipes/oak_log_bridge_end": {
    "criteria": {
      "has_planks": "2024-06-05 23:23:09 +0000"
    },
    "done": true
  },
  "minecraft:recipes/combat/wooden_sword": {
    "criteria": {
      "has_stick": "2024-06-05 23:23:24 +0000"
    },
    "done": true
  },
  "minecraft:recipes/building_blocks/oak_planks": {
    "criteria": {
      "has_logs": "2024-06-05 23:23:00 +0000"
    },
    "done": true
  },
  "securitycraft:recipes/securitycraft/reinforced_jungle_fence_gate": {
    "criteria": {
      "has_stick": "2024-06-05 23:23:24 +0000"
    },
    "done": true
  },
  "mcwdoors:recipes/oak/oak_stable_head_door": {
    "criteria": {
      "has_planks": "2024-06-05 23:23:09 +0000"
    },
    "done": true
  },
  "tombstone:adventure/root": {
    "criteria": {
      "auto": "2024-06-05 23:21:07 +0000"
    },
    "done": true
  },
  "mcwfurnitures:recipes/oak/oak_nightstand_10": {
    "criteria": {
      "has_planks": "2024-06-05 23:23:00 +0000"
    },
    "done": true
  },
  "minecraft:recipes/food/cake": {
    "criteria": {
      "has_egg": "2024-06-05 23:24:10 +0000"
    },
    "done": true
  },
  "mcwfurnitures:recipes/oak/oak_nightstand_11": {
    "criteria": {
      "has_planks": "2024-06-05 23:23:00 +0000"
    },
    "done": true
  },
  "securitycraft:recipes/securitycraft/reinforced_dark_oak_fence_gate": {
    "criteria": {
      "has_stick": "2024-06-05 23:23:24 +0000"
    },
    "done": true
  },
  "mcwfurnitures:recipes/oak/oak_cupboard_6": {
    "criteria": {
      "has_planks": "2024-06-05 23:23:00 +0000"
    },
    "done": true
  },
  "mcwdoors:recipes/oak/oak_mystic_door": {
    "criteria": {
      "has_planks": "2024-06-05 23:23:09 +0000"
    },
    "done": true
  },
  "mcwfurnitures:recipes/oak/oak_cupboard_5": {
    "criteria": {
      "has_planks": "2024-06-05 23:23:00 +0000"
    },
    "done": true
  },
  "tombstone:recipes/from_grave_key": {
    "criteria": {
      "has_ingredient": "2024-06-05 23:23:30 +0000"
    },
    "done": true
  },
  "mcwfurnitures:recipes/oak/oak_cupboard_9": {
    "criteria": {
      "has_planks": "2024-06-05 23:23:00 +0000"
    },
    "done": true
  },
  "minecraft:recipes/tools/wooden_hoe": {
    "criteria": {
      "has_stick": "2024-06-05 23:23:24 +0000"
    },
    "done": true
  },
  "mcwfurnitures:recipes/oak/oak_pult": {
    "criteria": {
      "has_planks": "2024-06-05 23:23:00 +0000"
    },
    "done": true
  },
  "mcwfurnitures:recipes/oak/oak_cupboard_8": {
    "criteria": {
      "has_planks": "2024-06-05 23:23:00 +0000"
    },
    "done": true
  },
  "mcwfurnitures:recipes/oak/oak_cupboard_7": {
    "criteria": {
      "has_planks": "2024-06-05 23:23:00 +0000"
    },
    "done": true
  },
  "sophisticatedbackpacks:recipes/sophisticatedbackpacks/blasting_upgrade_from_smelting_upgrade": {
    "criteria": {
      "has_smelting_upgrade": "2024-06-05 23:23:00 +0000"
    },
    "done": true
  },
  "mcwbridges:recipes/rope_oak_bridge_end": {
    "criteria": {
      "has_planks": "2024-06-05 23:23:09 +0000"
    },
    "done": true
  },
  "mcwfurnitures:recipes/oak/oak_furniture_3": {
    "criteria": {
      "has_planks": "2024-06-05 23:23:00 +0000"
    },
    "done": true
  },
  "mcwfurnitures:recipes/oak/oak_furniture_4": {
    "criteria": {
      "has_planks": "2024-06-05 23:23:00 +0000"
    },
    "done": true
  },
  "dungeons_arise:find_small_prairie_house": {
    "criteria": {
      "location0": "2024-06-05 23:21:53 +0000"
    },
    "done": true
  },
  "mcwfurnitures:recipes/oak/oak_furniture_1": {
    "criteria": {
      "has_planks": "2024-06-05 23:23:00 +0000"
    },
    "done": true
  },
  "mcwfurnitures:recipes/oak/oak_furniture_2": {
    "criteria": {
      "has_planks": "2024-06-05 23:23:00 +0000"
    },
    "done": true
  },
  "securitycraft:recipes/securitycraft/reinforced_acacia_fence": {
    "criteria": {
      "has_stick": "2024-06-05 23:23:24 +0000"
    },
    "done": true
  },
  "minecraft:recipes/redstone/oak_pressure_plate": {
    "criteria": {
      "has_planks": "2024-06-05 23:23:09 +0000"
    },
    "done": true
  },
  "mcwfurnitures:recipes/oak/oak_pult_4": {
    "criteria": {
      "has_planks": "2024-06-05 23:23:00 +0000"
    },
    "done": true
  },
  "mcwfurnitures:recipes/oak/oak_pult_3": {
    "criteria": {
      "has_planks": "2024-06-05 23:23:00 +0000"
    },
    "done": true
  },
  "mcwfurnitures:recipes/oak/oak_pult_2": {
    "criteria": {
      "has_planks": "2024-06-05 23:23:00 +0000"
    },
    "done": true
  },
  "mcwfurnitures:recipes/oak/oak_pult_1": {
    "criteria": {
      "has_planks": "2024-06-05 23:23:00 +0000"
    },
    "done": true
  },
  "mcwbridges:recipes/rope_oak_bridge": {
    "criteria": {
      "has_planks": "2024-06-05 23:23:09 +0000"
    },
    "done": true
  },
  "minecraft:recipes/building_blocks/oak_wood": {
    "criteria": {
      "has_log": "2024-06-05 23:23:00 +0000"
    },
    "done": true
  },
  "mutantbeasts:root": {
    "criteria": {
      "killed_by_something": "2024-06-05 23:23:28 +0000"
    },
    "done": true
  },
  "paraglider:recipes/paraglider/paraglider": {
    "criteria": {
      "has_stick": "2024-06-05 23:23:24 +0000"
    },
    "done": true
  },
  "tombstone:adventure/first_grave": {
    "criteria": {
      "coded_trigger": "2024-06-05 23:23:28 +0000"
    },
    "done": true
  },
  "minecraft:story/root": {
    "criteria": {
      "crafting_table": "2024-06-05 23:23:12 +0000"
    },
    "done": true
  },
  "minecraft:recipes/combat/crossbow": {
    "criteria": {
      "has_stick": "2024-06-05 23:23:24 +0000"
    },
    "done": true
  },
  "securitycraft:recipes/securitycraft/reinforced_spruce_fence_gate": {
    "criteria": {
      "has_stick": "2024-06-05 23:23:24 +0000"
    },
    "done": true
  },
  "mcwfurnitures:recipes/oak/oak_double_desk_right": {
    "criteria": {
      "has_planks": "2024-06-05 23:23:00 +0000"
    },
    "done": true
  },
  "sophisticatedbackpacks:recipes/sophisticatedbackpacks/smoking_upgrade": {
    "criteria": {
      "has_upgrade_base": "2024-06-05 23:23:00 +0000"
    },
    "done": true
  },
  "mcwfurnitures:recipes/oak/oak_desk_right": {
    "criteria": {
      "has_planks": "2024-06-05 23:23:00 +0000"
    },
    "done": true
  },
  "minecraft:recipes/decorations/oak_sign": {
    "criteria": {
      "has_oak_planks": "2024-06-05 23:23:09 +0000"
    },
    "done": true
  },
  "minecraft:recipes/redstone/oak_trapdoor": {
    "criteria": {
      "has_planks": "2024-06-05 23:23:09 +0000"
    },
    "done": true
  },
  "mcwfurnitures:recipes/oak/oak_dresser_12": {
    "criteria": {
      "has_planks": "2024-06-05 23:23:00 +0000"
    },
    "done": true
  },
  "mcwfurnitures:recipes/oak/oak_dresser_13": {
    "criteria": {
      "has_planks": "2024-06-05 23:23:00 +0000"
    },
    "done": true
  },
  "mcwfurnitures:recipes/oak/oak_dresser_14": {
    "criteria": {
      "has_planks": "2024-06-05 23:23:00 +0000"
    },
    "done": true
  },
  "dungeons_arise:find_mushroom_house": {
    "criteria": {
      "location0": "2024-06-05 23:22:47 +0000"
    },
    "done": true
  },
  "mcwfurnitures:recipes/oak/oak_stool_chair": {
    "criteria": {
      "has_planks": "2024-06-05 23:23:00 +0000"
    },
    "done": true
  },
  "sophisticatedbackpacks:recipes/sophisticatedbackpacks/blasting_upgrade": {
    "criteria": {
      "has_upgrade_base": "2024-06-05 23:23:00 +0000"
    },
    "done": true
  },
  "mcwfurnitures:recipes/drawer": {
    "criteria": {
      "has_planks": "2024-06-05 23:23:00 +0000"
    },
    "done": true
  },
  "minecraft:recipes/redstone/oak_fence_gate": {
    "criteria": {
      "has_planks": "2024-06-05 23:23:09 +0000"
    },
    "done": true
  },
  "sophisticatedbackpacks:recipes/sophisticatedbackpacks/auto_smoking_upgrade": {
    "criteria": {
      "has_smoking_upgrade": "2024-06-05 23:23:00 +0000"
    },
    "done": true
  },
  "mcwfurnitures:recipes/oak/oak_dresser_11": {
    "criteria": {
      "has_planks": "2024-06-05 23:23:00 +0000"
    },
    "done": true
  },
  "minecraft:recipes/redstone/oak_button": {
    "criteria": {
      "has_planks": "2024-06-05 23:23:09 +0000"
    },
    "done": true
  },
  "securitycraft:recipes/securitycraft/reinforced_crimson_fence_gate": {
    "criteria": {
      "has_stick": "2024-06-05 23:23:24 +0000"
    },
    "done": true
  },
  "mcwtrpdoors:recipes/oak/oak_glass_trapdoor": {
    "criteria": {
      "has_planks": "2024-06-05 23:23:00 +0000"
    },
    "done": true
  },
  "exoticbirds:default/root": {
    "criteria": {
      "launch_mod": "2024-06-05 23:21:07 +0000"
    },
    "done": true
  },
  "securitycraft:recipes/securitycraft/reinforced_birch_fence_gate": {
    "criteria": {
      "has_stick": "2024-06-05 23:23:24 +0000"
    },
    "done": true
  },
  "mcwfurnitures:recipes/oak/oak_dresser_box": {
    "criteria": {
      "has_planks": "2024-06-05 23:23:00 +0000"
    },
    "done": true
  },
  "securitycraft:recipes/securitycraft/reinforced_acacia_fence_gate": {
    "criteria": {
      "has_stick": "2024-06-05 23:23:24 +0000"
    },
    "done": true
  },
  "minecraft:adventure/adventuring_time": {
    "criteria": {
      "minecraft:forest": "2024-06-05 23:21:07 +0000",
      "minecraft:river": "2024-06-05 23:22:08 +0000",
      "minecraft:plains": "2024-06-05 23:21:25 +0000"
    },
    "done": false
  },
  "securitycraft:recipes/securitycraft/reinforced_jungle_fence": {
    "criteria": {
      "has_stick": "2024-06-05 23:23:24 +0000"
    },
    "done": true
  },
  "minecraft:recipes/misc/charcoal": {
    "criteria": {
      "has_log": "2024-06-05 23:23:00 +0000"
    },
    "done": true
  },
  "mcwfurnitures:recipes/oak/oak_nightstand_6": {
    "criteria": {
      "has_planks": "2024-06-05 23:23:00 +0000"
    },
    "done": true
  },
  "mcwtrpdoors:recipes/print_classic": {
    "criteria": {
      "has_planks": "2024-06-05 23:23:00 +0000"
    },
    "done": true
  },
  "mcwdoors:recipes/oak/oak_nether_door": {
    "criteria": {
      "has_planks": "2024-06-05 23:23:09 +0000"
    },
    "done": true
  },
  "mcwfurnitures:recipes/oak/oak_nightstand_5": {
    "criteria": {
      "has_planks": "2024-06-05 23:23:00 +0000"
    },
    "done": true
  },
  "mcwfurnitures:recipes/oak/oak_glass_desk_left": {
    "criteria": {
      "has_planks": "2024-06-05 23:23:00 +0000"
    },
    "done": true
  },
  "mcwfurnitures:recipes/oak/oak_nightstand_8": {
    "criteria": {
      "has_planks": "2024-06-05 23:23:00 +0000"
    },
    "done": true
  },
  "minecraft:recipes/tools/wooden_pickaxe": {
    "criteria": {
      "has_stick": "2024-06-05 23:23:24 +0000"
    },
    "done": true
  },
  "mcwbridges:recipes/oak_rail_bridge": {
    "criteria": {
      "has_planks": "2024-06-05 23:23:09 +0000"
    },
    "done": true
  },
  "sophisticatedbackpacks:recipes/sophisticatedbackpacks/smoking_upgrade_from_smelting_upgrade": {
    "criteria": {
      "has_smelting_upgrade": "2024-06-05 23:23:00 +0000"
    },
    "done": true
  },
  "mcwfurnitures:recipes/oak/oak_nightstand_9": {
    "criteria": {
      "has_planks": "2024-06-05 23:23:00 +0000"
    },
    "done": true
  },
  "mcwfurnitures:recipes/oak/oak_covered_desk_left": {
    "criteria": {
      "has_planks": "2024-06-05 23:23:00 +0000"
    },
    "done": true
  },
  "minecraft:recipes/transportation/birch_boat": {
    "criteria": {
      "in_water": "2024-06-05 23:22:08 +0000"
    },
    "done": true
  },
  "minecraft:recipes/building_blocks/oak_stairs": {
    "criteria": {
      "has_planks": "2024-06-05 23:23:09 +0000"
    },
    "done": true
  },
  "securitycraft:recipes/securitycraft/reinforced_warped_fence": {
    "criteria": {
      "has_stick": "2024-06-05 23:23:24 +0000"
    },
    "done": true
  },
  "securitycraft:recipes/securitycraft/sonic_security_system": {
    "criteria": {
      "has_stick": "2024-06-05 23:23:24 +0000"
    },
    "done": true
  },
  "minecraft:recipes/decorations/barrel": {
    "criteria": {
      "has_planks": "2024-06-05 23:23:09 +0000"
    },
    "done": true
  },
  "mcwfurnitures:recipes/oak/oak_nightstand_2": {
    "criteria": {
      "has_planks": "2024-06-05 23:23:00 +0000"
    },
    "done": true
  },
  "mcwfurnitures:recipes/oak/oak_nightstand_4": {
    "criteria": {
      "has_planks": "2024-06-05 23:23:00 +0000"
    },
    "done": true
  },
  "mcwfurnitures:recipes/oak/oak_nightstand_3": {
    "criteria": {
      "has_planks": "2024-06-05 23:23:00 +0000"
    },
    "done": true
  },
  "minecraft:recipes/transportation/acacia_boat": {
    "criteria": {
      "in_water": "2024-06-05 23:22:08 +0000"
    },
    "done": true
  },
  "mcwfurnitures:recipes/oak/oak_dresser_9": {
    "criteria": {
      "has_planks": "2024-06-05 23:23:00 +0000"
    },
    "done": true
  },
  "mcwfurnitures:recipes/oak/oak_dresser_7": {
    "criteria": {
      "has_planks": "2024-06-05 23:23:00 +0000"
    },
    "done": true
  },
  "mcwdoors:recipes/oak/oak_modern_door": {
    "criteria": {
      "has_planks": "2024-06-05 23:23:09 +0000"
    },
    "done": true
  },
  "mcwfurnitures:recipes/oak/oak_desk_left": {
    "criteria": {
      "has_planks": "2024-06-05 23:23:00 +0000"
    },
    "done": true
  },
  "mcwfurnitures:recipes/oak/oak_dresser_6": {
    "criteria": {
      "has_planks": "2024-06-05 23:23:00 +0000"
    },
    "done": true
  },
  "minecraft:recipes/redstone/oak_door": {
    "criteria": {
      "has_planks": "2024-06-05 23:23:09 +0000"
    },
    "done": true
  },
  "mcwdoors:recipes/oak/oak_paper_door": {
    "criteria": {
      "has_planks": "2024-06-05 23:23:09 +0000"
    },
    "done": true
  },
  "mcwfurnitures:recipes/oak/oak_dresser_5": {
    "criteria": {
      "has_planks": "2024-06-05 23:23:00 +0000"
    },
    "done": true
  },
  "mcwfurnitures:recipes/oak/oak_dresser_4": {
    "criteria": {
      "has_planks": "2024-06-05 23:23:00 +0000"
    },
    "done": true
  },
  "mcwfurnitures:recipes/oak/oak_modern_desk_right": {
    "criteria": {
      "has_planks": "2024-06-05 23:23:00 +0000"
    },
    "done": true
  },
  "mcwfurnitures:recipes/oak/oak_dresser_3": {
    "criteria": {
      "has_planks": "2024-06-05 23:23:00 +0000"
    },
    "done": true
  },
  "sophisticatedbackpacks:recipes/sophisticatedbackpacks/auto_blasting_upgrade_from_auto_smelting_upgrade": {
    "criteria": {
      "has_auto_smelting_upgrade": "2024-06-05 23:23:00 +0000"
    },
    "done": true
  },
  "minecraft:adventure/root": {
    "criteria": {
      "killed_by_something": "2024-06-05 23:23:28 +0000"
    },
    "done": true
  },
  "securitycraft:recipes/securitycraft/motion_activated_light": {
    "criteria": {
      "has_stick": "2024-06-05 23:23:24 +0000"
    },
    "done": true
  },
  "minecraft:recipes/transportation/jungle_boat": {
    "criteria": {
      "in_water": "2024-06-05 23:22:08 +0000"
    },
    "done": true
  },
  "mcwtrpdoors:recipes/oak/oak_barred_trapdoor": {
    "criteria": {
      "has_planks": "2024-06-05 23:23:00 +0000"
    },
    "done": true
  },
  "mcwfurnitures:recipes/oak/oak_box_2": {
    "criteria": {
      "has_planks": "2024-06-05 23:23:00 +0000"
    },
    "done": true
  },
  "mcwfurnitures:recipes/oak/oak_striped_chair": {
    "criteria": {
      "has_planks": "2024-06-05 23:23:00 +0000"
    },
    "done": true
  },
  "mcwdoors:recipes/oak/oak_barn_door": {
    "criteria": {
      "has_planks": "2024-06-05 23:23:09 +0000"
    },
    "done": true
  },
  "mcwdoors:recipes/oak/oak_barn_glass_door": {
    "criteria": {
      "has_planks": "2024-06-05 23:23:09 +0000"
    },
    "done": true
  },
  "minecraft:recipes/transportation/dark_oak_boat": {
    "criteria": {
      "in_water": "2024-06-05 23:22:08 +0000"
    },
    "done": true
  },
  "sophisticatedbackpacks:recipes/sophisticatedbackpacks/auto_smoking_upgrade_from_auto_smelting_upgrade": {
    "criteria": {
      "has_auto_smelting_upgrade": "2024-06-05 23:23:00 +0000"
    },
    "done": true
  },
  "mcwtrpdoors:recipes/oak/oak_beach_trapdoor": {
    "criteria": {
      "has_planks": "2024-06-05 23:23:00 +0000"
    },
    "done": true
  },
  "mcwfurnitures:recipes/oak/oak_plant_pot_right": {
    "criteria": {
      "has_planks": "2024-06-05 23:23:00 +0000"
    },
    "done": true
  },
  "mcwfurnitures:recipes/oak/oak_double_desk_left": {
    "criteria": {
      "has_planks": "2024-06-05 23:23:00 +0000"
    },
    "done": true
  },
  "dungeons_arise:wda_root": {
    "criteria": {
      "WDA": "2024-06-05 23:21:07 +0000"
    },
    "done": true
  },
  "mcwdoors:recipes/oak/oak_western_door": {
    "criteria": {
      "has_planks": "2024-06-05 23:23:09 +0000"
    },
    "done": true
  },
  "sophisticatedbackpacks:recipes/sophisticatedbackpacks/auto_blasting_upgrade": {
    "criteria": {
      "has_blasting_upgrade": "2024-06-05 23:23:00 +0000"
    },
    "done": true
  },
  "securitycraft:recipes/securitycraft/reinforced_oak_fence_gate": {
    "criteria": {
      "has_stick": "2024-06-05 23:23:24 +0000"
    },
    "done": true
  },
  "dungeons_arise:find_merchant_campsite": {
    "criteria": {
      "location0": "2024-06-05 23:21:46 +0000"
    },
    "done": true
  },
  "mcwfurnitures:recipes/oak/oak_plant_pot_left": {
    "criteria": {
      "has_planks": "2024-06-05 23:23:00 +0000"
    },
    "done": true
  },
  "mcwdoors:recipes/oak/oak_tropical_door": {
    "criteria": {
      "has_planks": "2024-06-05 23:23:09 +0000"
    },
    "done": true
  },
  "mcwdoors:recipes/oak/oak_cottage_door": {
    "criteria": {
      "has_planks": "2024-06-05 23:23:09 +0000"
    },
    "done": true
  },
  "mcwfurnitures:recipes/oak/oak_modern_desk_left": {
    "criteria": {
      "has_planks": "2024-06-05 23:23:00 +0000"
    },
    "done": true
  },
  "mcwfurnitures:recipes/oak/oak_nightstand": {
    "criteria": {
      "has_planks": "2024-06-05 23:23:00 +0000"
    },
    "done": true
  },
  "mcwdoors:recipes/print_oak": {
    "criteria": {
      "has_planks": "2024-06-05 23:23:09 +0000"
    },
    "done": true
  },
  "mcwtrpdoors:recipes/oak/oak_paper_trapdoor": {
    "criteria": {
      "has_planks": "2024-06-05 23:23:00 +0000"
    },
    "done": true
  },
  "mcwdoors:recipes/oak/oak_japanese2_door": {
    "criteria": {
      "has_planks": "2024-06-05 23:23:09 +0000"
    },
    "done": true
  },
  "securitycraft:recipes/securitycraft/reinforced_warped_fence_gate": {
    "criteria": {
      "has_stick": "2024-06-05 23:23:24 +0000"
    },
    "done": true
  },
  "mcwfurnitures:recipes/oak/oak_glass_desk_right": {
    "criteria": {
      "has_planks": "2024-06-05 23:23:00 +0000"
    },
    "done": true
  },
  "minecraft:recipes/decorations/oak_fence": {
    "criteria": {
      "has_planks": "2024-06-05 23:23:09 +0000"
    },
    "done": true
  },
  "mcwfurnitures:recipes/cabinet_door": {
    "criteria": {
      "has_planks": "2024-06-05 23:23:00 +0000"
    },
    "done": true
  },
  "minecraft:recipes/transportation/oak_boat": {
    "criteria": {
      "in_water": "2024-06-05 23:22:08 +0000"
    },
    "done": true
  },
  "minecraft:recipes/decorations/soul_campfire": {
    "criteria": {
      "has_stick": "2024-06-05 23:23:24 +0000"
    },
    "done": true
  },
  "mcwtrpdoors:recipes/oak/oak_tropical_trapdoor": {
    "criteria": {
      "has_planks": "2024-06-05 23:23:00 +0000"
    },
    "done": true
  },
  "paraglider:root": {
    "criteria": {
      "crafting_table": "2024-06-05 23:23:12 +0000"
    },
    "done": true
  },
  "mcwfurnitures:recipes/oak/oak_plate": {
    "criteria": {
      "has_planks": "2024-06-05 23:23:00 +0000"
    },
    "done": true
  },
  "mcwfurnitures:recipes/oak/oak_modern_chair": {
    "criteria": {
      "has_planks": "2024-06-05 23:23:00 +0000"
    },
    "done": true
  },
  "minecraft:recipes/building_blocks/oak_slab": {
    "criteria": {
      "has_planks": "2024-06-05 23:23:09 +0000"
    },
    "done": true
  },
  "mcwfurnitures:recipes/oak/oak_chair": {
    "criteria": {
      "has_planks": "2024-06-05 23:23:00 +0000"
    },
    "done": true
  },
  "securitycraft:recipes/securitycraft/reinforced_dark_oak_fence": {
    "criteria": {
      "has_stick": "2024-06-05 23:23:24 +0000"
    },
    "done": true
  },
  "farlanders:root": {
    "criteria": {
      "attack": "2024-06-05 23:22:47 +0000"
    },
    "done": true
  },
  "mcwtrpdoors:recipes/oak/oak_mystic_trapdoor": {
    "criteria": {
      "has_planks": "2024-06-05 23:23:00 +0000"
    },
    "done": true
  },
  "DataVersion": 2586
}