{
  "dungeons_arise:wda_root": {
    "criteria": {
      "WDA": "2024-06-05 00:20:24 +0000"
    },
    "done": true
  },
  "exoticbirds:default/root": {
    "criteria": {
      "launch_mod": "2024-06-05 00:20:24 +0000"
    },
    "done": true
  },
  "tombstone:adventure/root": {
    "criteria": {
      "auto": "2024-06-05 00:20:24 +0000"
    },
    "done": true
  },
  "minecraft:adventure/adventuring_time": {
    "criteria": {
      "minecraft:forest": "2024-06-05 00:20:24 +0000",
      "minecraft:plains": "2024-06-05 00:20:48 +0000"
    },
    "done": false
  },
  "DataVersion": 2586
}